grid_id,locality,timestamp,hour_of_day,centroid_lat,centroid_lon,rainfall_1h,rainfall_3h,rainfall_6h,rainfall_24h,rainfall_intensity_change,elevation_m,slope_deg,low_lying_score,dist_to_drain_m,drainage_density,dist_to_mithi_m,dist_to_coast_m,historical_hotspot_score,built_up_ratio,flood_event,target_plus_1h,target_plus_3h
MUM_000001,Colaba / Fort,2024-07-15 12:00:00,12,18.897702,72.787306,8.4,12.91,21.23,48.94,4.83,7.68,2.49,0.4,9206.6,0.2,16010.4,172.9,0.0,0.725,0,0,0
MUM_000002,Colaba / Fort,2024-07-15 12:00:00,12,18.901741,72.787776,8.44,12.94,21.24,48.93,4.87,8.31,3.22,0.4,8762.1,0.2,15570.5,196.3,0.0,0.728,0,0,0
MUM_000003,Colaba / Fort,2024-07-15 12:00:00,12,18.906246,72.788047,8.45,12.95,21.24,48.93,4.87,9.39,2.35,0.4,8274.5,0.2,15089.3,161.8,0.0,0.72,0,0,0
MUM_000004,Colaba / Fort,2024-07-15 12:00:00,12,18.910743,72.788317,8.42,12.93,21.24,48.95,4.84,20.94,3.44,0.4,7789.2,0.2,14610.1,127.4,0.0,0.798,0,0,0
MUM_000005,Colaba / Fort,2024-07-15 12:00:00,12,18.915224,72.788587,8.34,12.88,21.24,48.99,4.77,16.97,3.64,0.4,7307.5,0.2,14134.0,93.1,0.0,0.747,0,0,0
MUM_000006,Colaba / Fort,2024-07-15 12:00:00,12,18.919659,72.788854,8.23,12.8,21.24,49.05,4.66,7.03,2.53,0.4,6833.0,0.2,13664.4,59.2,0.0,0.79,0,0,0
MUM_000007,Mumbai Central,2024-07-15 12:00:00,12,,,,,,,,9.64,3.6,0.4,8991.3,0.2,15768.4,89.9,0.0,0.787,0,0,0
MUM_000008,Mumbai Central,2024-07-15 12:00:00,12,,,,,,,,15.65,1.35,0.4,8640.5,0.2,15420.8,388.2,0.0,0.825,0,0,0
MUM_000009,Colaba / Fort,2024-07-15 12:00:00,12,18.898708,72.791572,8.58,13.05,21.25,48.87,5.01,9.76,3.05,0.4,8154.9,0.2,14945.5,569.9,0.0,0.83,0,0,0
MUM_000010,Colaba / Fort,2024-07-15 12:00:00,12,18.901858,72.792027,8.63,13.08,21.25,48.85,5.05,7.76,2.34,0.4,7671.1,0.2,14471.8,500.8,0.0,0.78,0,0,0
MUM_000011,Colaba / Fort,2024-07-15 12:00:00,12,18.906373,72.791968,8.62,13.08,21.26,48.86,5.04,20.49,2.85,0.4,7189.6,0.2,14000.0,431.7,0.0,0.77,0,0,0
MUM_000012,Colaba / Fort,2024-07-15 12:00:00,12,18.910889,72.791909,8.58,13.05,21.26,48.88,5.0,13.58,3.88,0.4,6710.7,0.2,13530.2,362.5,0.0,0.794,0,0,0
MUM_000013,Colaba / Fort,2024-07-15 12:00:00,12,18.915405,72.791849,8.49,12.99,21.25,48.93,4.91,18.19,2.03,0.4,6235.2,0.2,13062.6,293.4,0.0,0.828,0,0,0
MUM_000014,Colaba / Fort,2024-07-15 12:00:00,12,18.91992,72.79179,8.35,12.89,21.25,49.0,4.78,14.25,3.79,0.4,5765.0,0.2,12598.3,236.8,0.0,0.804,0,0,0
MUM_000015,Colaba / Fort,2024-07-15 12:00:00,12,18.924436,72.791731,8.17,12.76,21.24,49.1,4.6,16.07,3.58,0.4,5287.0,0.2,12123.9,201.8,0.0,0.813,0,0,0
MUM_000016,Colaba / Fort,2024-07-15 12:00:00,12,18.928901,72.791785,7.95,12.61,21.24,49.21,4.38,15.32,2.14,0.4,4813.3,0.2,11651.5,167.4,0.0,0.733,0,0,0
MUM_000017,Colaba / Fort,2024-07-15 12:00:00,12,18.933407,72.792051,7.7,12.45,21.24,49.35,4.14,10.53,3.43,0.4,4346.1,0.2,11182.1,133.0,0.0,0.76,0,0,0
MUM_000018,Marine Lines / Kalbadevi,2024-07-15 12:00:00,12,18.937913,72.792322,7.42,12.26,21.24,49.51,3.86,14.27,2.05,0.4,3888.3,0.2,10716.9,98.7,0.001,0.752,0,0,0
MUM_000019,Marine Lines / Kalbadevi,2024-07-15 12:00:00,12,18.942412,72.792593,7.13,12.07,21.25,49.68,3.57,16.66,3.13,0.4,3445.2,0.2,10258.7,64.6,0.001,0.741,0,0,0
MUM_000020,Marine Lines / Kalbadevi,2024-07-15 12:00:00,12,18.946897,72.792863,6.82,11.87,21.26,49.87,3.26,20.84,1.92,0.4,3034.3,0.2,9821.9,32.0,0.001,0.76,0,0,0
MUM_000021,Marine Lines / Kalbadevi,2024-07-15 12:00:00,12,18.951343,72.79313,6.52,11.68,21.28,50.06,2.96,13.88,2.4,0.4,8517.9,0.2,15256.9,217.0,0.0,0.717,0,0,0
MUM_000022,Marine Lines / Kalbadevi,2024-07-15 12:00:00,12,18.955612,72.793387,6.24,11.51,21.3,50.25,2.67,19.07,2.31,0.4,8047.0,0.2,14795.6,647.1,0.0,0.794,0,0,0
MUM_000023,Mumbai Central,2024-07-15 12:00:00,12,,,,,,,,15.85,1.92,0.4,7556.3,0.2,14316.9,996.0,0.0,0.741,0,0,0
MUM_000024,Mumbai Central,2024-07-15 12:00:00,12,,,,,,,,10.96,2.75,0.4,7066.9,0.2,13839.8,926.9,0.0,0.701,0,0,0
MUM_000025,Colaba / Fort,2024-07-15 12:00:00,12,18.902129,72.796617,8.81,13.21,21.27,48.77,5.22,17.81,1.53,0.4,6579.1,0.2,13364.4,857.7,0.0,0.767,0,0,0
MUM_000026,Colaba / Fort,2024-07-15 12:00:00,12,18.90643,72.796712,8.82,13.22,21.27,48.77,5.23,7.9,1.87,0.4,6093.4,0.2,12890.8,788.6,0.0,0.814,0,0,0
MUM_000027,Colaba / Fort,2024-07-15 12:00:00,12,18.910945,72.796653,8.78,13.19,21.27,48.79,5.19,16.86,2.19,0.4,5610.1,0.2,12419.3,719.4,0.0,0.734,0,0,0
MUM_000028,Colaba / Fort,2024-07-15 12:00:00,12,18.915461,72.796594,8.69,13.13,21.27,48.84,5.11,12.48,1.54,0.4,5130.0,0.2,11950.0,650.3,0.0,0.761,0,0,0
MUM_000029,Colaba / Fort,2024-07-15 12:00:00,12,18.919976,72.796535,8.55,13.03,21.26,48.91,4.97,17.85,2.23,0.4,4654.1,0.2,11483.4,581.2,0.0,0.784,0,0,0
MUM_000030,Colaba / Fort,2024-07-15 12:00:00,12,18.924492,72.796476,8.35,12.9,21.26,49.01,4.78,7.71,2.19,0.4,4183.8,0.2,11019.8,512.0,0.0,0.777,0,0,0
MUM_000031,Colaba / Fort,2024-07-15 12:00:00,12,18.929007,72.796416,8.11,12.73,21.25,49.14,4.54,7.01,1.72,0.4,3721.3,0.2,10559.4,442.9,0.001,0.839,0,0,0
MUM_000032,Marine Lines / Kalbadevi,2024-07-15 12:00:00,12,18.933523,72.796357,7.84,12.54,21.25,49.3,4.27,17.9,1.24,0.4,3269.8,0.2,10102.8,373.7,0.001,0.789,0,0,0
MUM_000033,Marine Lines / Kalbadevi,2024-07-15 12:00:00,12,18.938039,72.796298,7.53,12.34,21.25,49.47,3.96,21.51,2.65,0.4,2834.7,0.2,9650.5,304.6,0.001,0.767,0,0,0
MUM_000034,Marine Lines / Kalbadevi,2024-07-15 12:00:00,12,18.942554,72.796239,7.2,12.12,21.26,49.66,3.64,15.82,1.48,0.4,2423.5,0.2,9203.7,243.7,0.002,0.756,0,0,0
MUM_000035,Marine Lines / Kalbadevi,2024-07-15 12:00:00,12,18.94707,72.796179,6.87,11.91,21.27,49.87,3.31,15.08,3.72,0.4,2030.4,0.2,8748.2,207.4,0.003,0.759,0,0,0
MUM_000036,Marine Lines / Kalbadevi,2024-07-15 12:00:00,12,18.951585,72.79612,6.55,11.71,21.29,50.07,2.98,19.02,1.23,0.4,1691.4,0.68,8298.8,177.7,0.003,0.786,0,0,0
MUM_000037,Marine Lines / Kalbadevi,2024-07-15 12:00:00,12,18.956101,72.796061,6.24,11.52,21.32,50.28,2.66,10.52,2.1,0.4,1416.6,1.14,7855.7,88.4,0.005,0.712,0,0,0
MUM_000038,Marine Lines / Kalbadevi,2024-07-15 12:00:00,12,18.960576,72.796075,5.95,11.35,21.35,50.49,2.37,21.31,3.73,0.4,8348.1,0.2,15035.9,116.7,0.0,0.718,0,0,0
MUM_000039,Marine Lines / Kalbadevi,2024-07-15 12:00:00,12,18.965073,72.796328,5.69,11.21,21.39,50.69,2.09,17.96,2.88,0.4,7969.0,0.2,14661.2,447.4,0.0,0.814,0,0,0
MUM_000040,Marine Lines / Kalbadevi,2024-07-15 12:00:00,12,18.969529,72.796638,5.46,11.09,21.44,50.88,1.85,10.21,1.53,0.4,7473.2,0.2,14178.0,905.9,0.0,0.717,0,0,0
MUM_000041,Marine Lines / Kalbadevi,2024-07-15 12:00:00,12,18.973774,72.797306,5.27,11.0,21.49,51.06,1.64,7.69,1.27,0.4,6978.0,0.2,13696.0,1364.3,0.0,0.771,0,0,0
MUM_000042,Mumbai Central,2024-07-15 12:00:00,12,,,,,,,,9.09,1.92,0.4,6483.6,0.2,13215.4,1352.9,0.0,0.728,0,0,0
MUM_000043,Colaba / Fort,2024-07-15 12:00:00,12,18.903074,72.80114,8.97,13.33,21.28,48.71,5.37,21.49,3.76,0.4,5990.0,0.2,12736.3,1283.8,0.0,0.779,0,0,0
MUM_000044,Colaba / Fort,2024-07-15 12:00:00,12,18.906486,72.801457,8.98,13.34,21.28,48.7,5.39,19.0,3.29,0.4,5497.7,0.2,12258.8,1214.6,0.0,0.773,0,0,0
MUM_000045,Colaba / Fort,2024-07-15 12:00:00,12,18.911002,72.801398,8.95,13.32,21.28,48.72,5.36,15.16,2.93,0.4,5006.8,0.2,11783.2,1145.5,0.0,0.763,0,0,0
MUM_000046,Colaba / Fort,2024-07-15 12:00:00,12,18.915517,72.801339,8.86,13.25,21.28,48.76,5.27,12.7,2.52,0.4,4517.9,0.2,11309.7,1076.3,0.0,0.793,0,0,0
MUM_000047,Colaba / Fort,2024-07-15 12:00:00,12,18.920033,72.80128,8.71,13.15,21.27,48.84,5.13,7.2,1.93,0.4,4031.8,0.2,10838.6,1007.2,0.001,0.705,0,0,0
MUM_000048,Colaba / Fort,2024-07-15 12:00:00,12,18.924548,72.801221,8.51,13.01,21.27,48.94,4.93,16.15,2.27,0.4,3549.6,0.2,10370.2,938.1,0.001,0.756,0,0,0
MUM_000049,Colaba / Fort,2024-07-15 12:00:00,12,18.929064,72.801162,8.26,12.84,21.26,49.08,4.68,19.85,2.5,0.4,3073.0,0.2,9904.9,868.9,0.001,0.792,0,0,0
MUM_000050,Marine Lines / Kalbadevi,2024-07-15 12:00:00,12,18.933579,72.801102,7.96,12.63,21.26,49.24,4.39,17.14,2.28,0.4,2605.2,0.2,9443.2,799.8,0.002,0.735,0,0,0
MUM_000051,Marine Lines / Kalbadevi,2024-07-15 12:00:00,12,18.938095,72.801043,7.63,12.41,21.27,49.43,4.06,18.98,2.38,0.4,2151.9,0.2,8985.5,730.6,0.002,0.736,0,0,0
MUM_000052,Marine Lines / Kalbadevi,2024-07-15 12:00:00,12,18.94261,72.800984,7.29,12.19,21.28,49.64,3.72,14.97,1.54,0.4,1724.7,0.63,8532.6,661.5,0.003,0.78,0,0,0
MUM_000053,Marine Lines / Kalbadevi,2024-07-15 12:00:00,12,18.947126,72.800925,6.94,11.96,21.29,49.86,3.36,14.27,3.77,0.4,1348.4,1.25,8085.2,569.5,0.004,0.811,0,0,0
MUM_000054,Marine Lines / Kalbadevi,2024-07-15 12:00:00,12,18.951641,72.800866,6.6,11.75,21.32,50.09,3.02,20.82,1.52,0.4,1078.0,1.7,7644.4,395.6,0.006,0.818,0,0,0
MUM_000055,Marine Lines / Kalbadevi,2024-07-15 12:00:00,12,18.956157,72.800807,6.27,11.56,21.35,50.31,2.68,19.72,2.19,0.4,988.1,1.85,7212.7,238.3,0.008,0.722,0,0,0
MUM_000056,Marine Lines / Kalbadevi,2024-07-15 12:00:00,12,18.960672,72.800747,5.97,11.38,21.39,50.53,2.37,19.46,1.77,0.4,1067.5,1.72,6757.8,145.6,0.011,0.82,0,0,0
MUM_000057,Marine Lines / Kalbadevi,2024-07-15 12:00:00,12,18.965188,72.800688,5.7,11.24,21.43,50.75,2.09,18.45,1.67,0.4,1303.1,1.33,6326.9,65.8,0.014,0.834,0,0,0
MUM_000058,Marine Lines / Kalbadevi,2024-07-15 12:00:00,12,18.969703,72.800629,5.46,11.12,21.48,50.95,1.83,11.91,3.58,0.4,7914.1,0.2,14536.2,258.1,0.0,0.73,0,0,0
MUM_000059,Marine Lines / Kalbadevi,2024-07-15 12:00:00,12,18.974219,72.80057,5.26,11.02,21.54,51.14,1.61,15.56,3.09,0.4,7423.0,0.2,14055.5,706.3,0.0,0.79,0,0,0
MUM_000060,Worli / Prabhadevi,2024-07-15 12:00:00,12,18.978646,72.800643,5.08,10.95,21.6,51.31,1.42,14.53,3.01,0.4,6924.2,0.2,13569.1,1164.7,0.0,0.771,0,0,0
MUM_000061,Worli / Prabhadevi,2024-07-15 12:00:00,12,18.983029,72.801353,4.94,10.91,21.67,51.48,1.25,11.61,1.25,0.4,6425.6,0.2,13083.9,1623.1,0.0,0.783,0,0,0
MUM_000062,Worli / Prabhadevi,2024-07-15 12:00:00,12,18.987183,72.802106,4.83,10.89,21.74,51.64,1.11,20.94,1.56,0.4,5927.2,0.2,12599.7,1779.0,0.0,0.711,0,0,0
MUM_000063,Mumbai Central,2024-07-15 12:00:00,12,,,,,,,,18.38,1.54,0.4,5429.2,0.2,12116.9,1709.8,0.0,0.836,0,0,0
MUM_000064,Mumbai Central,2024-07-15 12:00:00,12,,,,,,,,14.65,1.63,0.4,4931.5,0.2,11635.5,1640.7,0.0,0.759,0,0,0
MUM_000065,Colaba / Fort,2024-07-15 12:00:00,12,18.906616,72.806136,9.11,13.43,21.29,48.64,5.51,12.75,3.67,0.4,4434.3,0.2,11155.8,1571.5,0.001,0.778,0,0,0
MUM_000066,Colaba / Fort,2024-07-15 12:00:00,12,18.911058,72.806142,9.08,13.41,21.29,48.66,5.48,18.47,1.61,0.4,3937.9,0.2,10677.9,1502.4,0.001,0.709,0,0,0
MUM_000067,Colaba / Fort,2024-07-15 12:00:00,12,18.915573,72.806083,8.99,13.35,21.29,48.7,5.39,8.02,1.82,0.4,3442.5,0.2,10202.1,1433.3,0.001,0.772,0,0,0
MUM_000068,Colaba / Fort,2024-07-15 12:00:00,12,18.920089,72.806025,8.84,13.24,21.28,48.78,5.25,10.8,1.93,0.4,2948.7,0.2,9728.7,1364.1,0.002,0.732,0,0,0
MUM_000069,Colaba / Fort,2024-07-15 12:00:00,12,18.924604,72.805966,8.63,13.09,21.28,48.89,5.04,16.29,1.43,0.4,2457.3,0.2,9258.2,1295.0,0.002,0.816,0,0,0
MUM_000070,Colaba / Fort,2024-07-15 12:00:00,12,18.92912,72.805907,8.36,12.91,21.27,49.03,4.78,8.74,3.83,0.4,1970.3,0.22,8790.9,1225.8,0.003,0.705,0,0,0
MUM_000071,Marine Lines / Kalbadevi,2024-07-15 12:00:00,12,18.933636,72.805848,8.05,12.7,21.27,49.21,4.47,20.09,2.84,0.4,1492.0,1.01,8327.4,1156.7,0.004,0.837,0,0,0
MUM_000072,Marine Lines / Kalbadevi,2024-07-15 12:00:00,12,18.938151,72.805789,7.71,12.47,21.28,49.41,4.13,18.51,3.5,0.4,1034.3,1.78,7868.4,1038.3,0.006,0.745,0,0,0
MUM_000073,Marine Lines / Kalbadevi,2024-07-15 12:00:00,12,18.942667,72.80573,7.34,12.23,21.29,49.63,3.77,21.9,1.37,0.4,643.0,2.43,7414.7,864.4,0.008,0.721,0,0,0
MUM_000074,Marine Lines / Kalbadevi,2024-07-15 12:00:00,12,18.947182,72.805671,6.98,12.0,21.31,49.87,3.4,20.84,1.96,0.4,507.2,2.65,6967.3,690.6,0.011,0.737,0,0,0
MUM_000075,Marine Lines / Kalbadevi,2024-07-15 12:00:00,12,18.951698,72.805612,6.62,11.78,21.34,50.11,3.03,19.48,3.46,0.4,771.4,2.21,6527.6,516.7,0.014,0.796,0,0,0
MUM_000076,Marine Lines / Kalbadevi,2024-07-15 12:00:00,12,18.956213,72.805552,6.28,11.58,21.38,50.35,2.69,11.29,1.28,0.4,1120.5,1.63,6097.1,342.9,0.018,0.709,0,0,0
MUM_000077,Marine Lines / Kalbadevi,2024-07-15 12:00:00,12,18.960729,72.805493,5.98,11.41,21.42,50.59,2.36,21.6,2.83,0.4,1434.3,1.11,5674.1,205.5,0.023,0.705,0,0,0
MUM_000078,Marine Lines / Kalbadevi,2024-07-15 12:00:00,12,18.965244,72.805434,5.7,11.26,21.48,50.82,2.07,8.25,2.94,0.4,1709.5,0.65,5225.4,120.3,0.029,0.799,0,0,0
MUM_000079,Marine Lines / Kalbadevi,2024-07-15 12:00:00,12,18.96976,72.805375,5.46,11.15,21.54,51.03,1.81,13.19,3.24,0.4,1939.8,0.27,4845.7,47.5,0.035,0.816,0,0,0
MUM_000080,Marine Lines / Kalbadevi,2024-07-15 12:00:00,12,18.974275,72.805316,5.26,11.06,21.61,51.23,1.58,19.69,2.28,0.4,7814.1,0.2,14355.8,144.7,0.0,0.701,0,0,0
MUM_000081,Worli / Prabhadevi,2024-07-15 12:00:00,12,18.978791,72.805257,5.09,11.01,21.68,51.42,1.39,20.7,2.88,0.4,7406.2,0.2,13949.8,506.7,0.0,0.74,0,0,0
MUM_000082,Worli / Prabhadevi,2024-07-15 12:00:00,12,18.983306,72.805198,4.95,10.97,21.75,51.59,1.23,15.51,2.94,0.4,6906.2,0.2,13459.7,965.1,0.0,0.711,0,0,0
MUM_000083,Worli / Prabhadevi,2024-07-15 12:00:00,12,18.987822,72.805139,4.84,10.95,21.82,51.74,1.09,18.92,1.71,0.4,6406.2,0.2,12970.3,1360.8,0.0,0.829,0,0,0
MUM_000084,Worli / Prabhadevi,2024-07-15 12:00:00,12,18.992185,72.80539,4.75,10.94,21.89,51.88,0.97,16.06,1.57,0.4,5906.2,0.2,12481.8,1581.2,0.0,0.741,0,0,0
MUM_000085,Worli / Prabhadevi,2024-07-15 12:00:00,12,18.996582,72.80618,4.69,10.96,21.97,52.03,0.88,14.32,2.47,0.4,5406.2,0.2,11994.2,1801.5,0.0,0.715,0,0,0
MUM_000086,Worli / Prabhadevi,2024-07-15 12:00:00,12,19.000368,72.806866,4.64,10.98,22.03,52.14,0.81,13.81,2.91,0.4,4906.2,0.2,11507.6,2021.9,0.0,0.711,0,0,0
MUM_000087,Colaba / Fort,2024-07-15 12:00:00,12,18.907427,72.81065,9.18,13.48,21.3,48.61,5.58,14.36,3.49,0.4,4406.2,0.2,11022.3,2066.7,0.001,0.836,0,0,0
MUM_000088,Colaba / Fort,2024-07-15 12:00:00,12,18.911114,72.810887,9.15,13.47,21.3,48.62,5.55,19.78,2.32,0.4,3906.2,0.2,10538.4,1997.6,0.001,0.77,0,0,0
MUM_000089,Colaba / Fort,2024-07-15 12:00:00,12,18.915629,72.810828,9.06,13.4,21.29,48.67,5.47,9.86,1.49,0.4,3406.2,0.2,10056.0,1928.5,0.001,0.794,0,0,0
MUM_000090,Colaba / Fort,2024-07-15 12:00:00,12,18.920145,72.810769,8.91,13.29,21.29,48.75,5.32,7.94,1.99,0.4,2906.2,0.2,9575.4,1859.3,0.002,0.817,0,0,0
MUM_000091,Colaba / Fort,2024-07-15 12:00:00,12,18.92466,72.810711,8.69,13.14,21.28,48.86,5.11,16.94,1.73,0.4,2406.2,0.2,9097.0,1790.2,0.003,0.711,0,0,0
MUM_000092,Colaba / Fort,2024-07-15 12:00:00,12,18.929176,72.810652,8.42,12.95,21.28,49.01,4.84,15.59,3.59,0.4,1906.2,0.32,8621.0,1721.0,0.004,0.724,0,0,0
MUM_000093,Marine Lines / Kalbadevi,2024-07-15 12:00:00,12,18.933692,72.810593,8.1,12.73,21.28,49.19,4.52,18.3,3.17,0.4,1406.2,1.16,8147.8,1651.9,0.005,0.804,0,0,0
MUM_000094,Marine Lines / Kalbadevi,2024-07-15 12:00:00,12,18.938207,72.810534,7.74,12.49,21.28,49.41,4.16,8.03,3.78,0.4,906.2,1.99,7678.1,1507.1,0.008,0.739,0,0,0
MUM_000095,Marine Lines / Kalbadevi,2024-07-15 12:00:00,12,18.942723,72.810475,7.36,12.25,21.3,49.64,3.78,11.23,1.52,0.4,406.2,2.82,7212.4,1333.2,0.011,0.721,0,0,0
MUM_000096,Marine Lines / Kalbadevi,2024-07-15 12:00:00,12,18.947238,72.810416,6.98,12.01,21.32,49.89,3.4,16.42,2.8,0.4,64.4,3.39,6751.6,1159.4,0.014,0.822,0,0,0
MUM_000097,Marine Lines / Kalbadevi,2024-07-15 12:00:00,12,18.951754,72.810357,6.62,11.78,21.36,50.15,3.02,12.93,1.74,0.4,413.5,2.81,6296.8,985.5,0.019,0.78,0,0,0
MUM_000098,Marine Lines / Kalbadevi,2024-07-15 12:00:00,12,18.956269,72.810298,6.27,11.59,21.4,50.4,2.67,18.02,2.06,0.4,762.6,2.23,5849.4,811.7,0.025,0.786,0,0,0
MUM_000099,Marine Lines / Kalbadevi,2024-07-15 12:00:00,12,18.960785,72.810239,5.96,11.42,21.46,50.65,2.34,17.84,1.93,0.4,1111.7,1.65,5411.2,637.8,0.032,0.745,0,0,0
MUM_000100,Marine Lines / Kalbadevi,2024-07-15 12:00:00,12,18.9653,72.81018,5.69,11.28,21.53,50.9,2.04,19.27,2.09,0.4,1459.7,1.07,4984.7,463.9,0.039,0.738,0,0,0
MUM_000101,Marine Lines / Kalbadevi,2024-07-15 12:00:00,12,18.969816,72.810121,5.45,11.18,21.6,51.12,1.78,17.87,2.49,0.4,1783.9,0.53,4573.3,291.9,0.046,0.784,0,0,0
MUM_000102,Marine Lines / Kalbadevi,2024-07-15 12:00:00,12,18.974332,72.810062,5.26,11.11,21.68,51.34,1.55,18.52,1.22,0.4,2053.6,0.2,4158.6,178.9,0.054,0.831,0,0,0
MUM_000103,Worli / Prabhadevi,2024-07-15 12:00:00,12,18.978847,72.810003,5.1,11.06,21.77,51.54,1.36,18.99,2.83,0.4,2311.1,0.2,3731.9,95.1,0.061,0.83,0,0,0
MUM_000104,Worli / Prabhadevi,2024-07-15 12:00:00,12,18.983363,72.809944,4.97,11.05,21.85,51.72,1.2,8.2,2.14,0.4,2585.5,0.2,3357.7,51.2,0.063,0.73,0,0,0
MUM_000105,Worli / Prabhadevi,2024-07-15 12:00:00,12,18.987878,72.809885,4.88,11.05,21.94,51.88,1.07,9.38,2.24,0.4,2213.1,0.2,7144.3,41.9,0.046,0.717,0,0,0
MUM_000106,Worli / Prabhadevi,2024-07-15 12:00:00,12,18.992394,72.809826,4.8,11.06,22.02,52.03,0.96,7.97,2.43,0.4,7731.2,0.2,14188.2,59.2,0.0,0.734,0,0,0
MUM_000107,Worli / Prabhadevi,2024-07-15 12:00:00,12,18.996909,72.809767,4.74,11.08,22.09,52.15,0.88,21.42,2.69,0.4,7422.5,0.2,13860.8,307.9,0.0,0.706,0,0,0
MUM_000108,Worli / Prabhadevi,2024-07-15 12:00:00,12,19.001413,72.809722,4.68,11.09,22.15,52.26,0.8,20.35,2.35,0.4,6924.4,0.2,13368.0,691.7,0.0,0.797,0,0,0
MUM_000109,Worli / Prabhadevi,2024-07-15 12:00:00,12,19.00576,72.810213,4.64,11.11,22.21,52.36,0.74,10.32,3.12,0.4,6425.8,0.2,12875.1,912.0,0.0,0.821,0,0,0
MUM_000110,Worli / Prabhadevi,2024-07-15 12:00:00,12,19.01023,72.810966,4.6,11.13,22.26,52.46,0.69,11.79,2.29,0.4,5927.5,0.2,12382.8,1132.4,0.0,0.822,0,0,0
MUM_000111,Worli / Prabhadevi,2024-07-15 12:00:00,12,19.014593,72.811413,4.54,11.11,22.27,52.53,0.64,11.75,2.67,0.4,5429.4,0.2,11891.2,1352.7,0.0,0.774,0,0,0
MUM_000112,Mumbai Central,2024-07-15 12:00:00,12,,,,,,,,14.53,1.82,0.4,4931.8,0.2,11400.3,1573.1,0.0,0.796,0,0,0
MUM_000113,Mumbai Central,2024-07-15 12:00:00,12,,,,,,,,15.17,2.82,0.4,4434.7,0.2,10910.2,1793.4,0.001,0.754,0,0,0
MUM_000114,Andheri Subway / West,2024-07-15 12:00:00,12,19.110016,72.810402,2.46,8.55,18.77,47.11,-0.87,3.54,0.63,0.92,3938.3,0.2,10421.0,2013.8,0.001,0.935,0,0,0
MUM_000115,Mumbai Central,2024-07-15 12:00:00,12,,,,,,,,8.74,3.6,0.4,3442.9,0.2,9933.0,2234.1,0.002,0.76,0,0,0
MUM_000116,Colaba / Fort,2024-07-15 12:00:00,12,18.908317,72.814704,9.2,13.5,21.3,48.6,5.6,12.65,2.8,0.4,2949.2,0.2,9446.2,2354.5,0.002,0.736,0,0,0
MUM_000117,Colaba / Fort,2024-07-15 12:00:00,12,18.911175,72.815626,9.17,13.48,21.3,48.61,5.57,7.04,2.29,0.4,2457.9,0.2,8960.8,2285.4,0.003,0.711,0,0,0
MUM_000118,Colaba / Fort,2024-07-15 12:00:00,12,18.915685,72.815573,9.08,13.41,21.29,48.66,5.48,11.9,1.34,0.4,1971.1,0.21,8477.1,2216.2,0.005,0.713,0,0,0
MUM_000119,Colaba / Fort,2024-07-15 12:00:00,12,18.920201,72.815514,8.92,13.3,21.29,48.74,5.33,19.19,2.69,0.4,1493.0,1.01,7995.5,2147.1,0.007,0.733,0,0,0
MUM_000120,Colaba / Fort,2024-07-15 12:00:00,12,18.924716,72.815456,8.7,13.15,21.28,48.86,5.11,21.45,1.64,0.4,1035.7,1.77,7516.2,1975.9,0.01,0.733,0,0,0
MUM_000121,Colaba / Fort,2024-07-15 12:00:00,12,18.929232,72.815397,8.42,12.95,21.28,49.02,4.84,11.85,1.9,0.4,642.7,2.43,7039.8,1802.0,0.014,0.725,0,0,0
MUM_000122,Marine Lines / Kalbadevi,2024-07-15 12:00:00,12,18.933748,72.815338,8.09,12.73,21.28,49.21,4.51,10.46,3.99,0.4,293.6,3.01,6567.0,1628.2,0.019,0.71,0,0,0
MUM_000123,Marine Lines / Kalbadevi,2024-07-15 12:00:00,12,18.938263,72.815279,7.73,12.49,21.29,49.43,4.15,15.04,3.71,0.4,55.5,3.41,6098.4,1454.3,0.026,0.801,0,0,0
MUM_000124,Marine Lines / Kalbadevi,2024-07-15 12:00:00,12,18.942779,72.815221,7.34,12.24,21.31,49.67,3.76,12.51,1.57,0.4,404.6,2.83,5635.3,1280.5,0.035,0.799,0,0,0
MUM_000125,Marine Lines / Kalbadevi,2024-07-15 12:00:00,12,18.947294,72.815162,6.96,12.0,21.34,49.93,3.37,10.31,2.31,0.4,753.7,2.24,5179.0,1106.6,0.045,0.826,0,0,0
MUM_000126,Marine Lines / Kalbadevi,2024-07-15 12:00:00,12,18.95181,72.815103,6.59,11.77,21.38,50.2,2.99,8.46,2.05,0.4,1080.7,1.7,4731.6,932.7,0.057,0.812,0,0,0
MUM_000127,Marine Lines / Kalbadevi,2024-07-15 12:00:00,12,18.956325,72.815044,6.24,11.58,21.43,50.47,2.62,13.35,1.84,0.4,1406.8,1.16,4295.8,758.9,0.068,0.839,0,0,0
MUM_000128,Marine Lines / Kalbadevi,2024-07-15 12:00:00,12,18.960841,72.814985,5.93,11.41,21.5,50.73,2.29,17.08,2.61,0.4,1733.0,0.61,3875.5,585.0,0.077,0.726,0,0,0
MUM_000129,Marine Lines / Kalbadevi,2024-07-15 12:00:00,12,18.965356,72.814927,5.66,11.29,21.57,50.98,1.99,12.56,2.68,0.4,2059.1,0.2,3476.4,438.1,0.082,0.733,0,0,0
MUM_000130,Marine Lines / Kalbadevi,2024-07-15 12:00:00,12,18.969872,72.814868,5.43,11.2,21.66,51.22,1.74,11.41,3.42,0.4,2385.3,0.2,3106.7,338.6,0.081,0.711,0,0,0
MUM_000131,Marine Lines / Kalbadevi,2024-07-15 12:00:00,12,18.974388,72.814809,5.25,11.14,21.75,51.45,1.51,14.05,1.52,0.4,2702.3,0.2,2775.1,247.5,0.075,0.764,0,0,0
MUM_000132,Worli / Prabhadevi,2024-07-15 12:00:00,12,18.978903,72.81475,5.11,11.12,21.85,51.66,1.33,7.14,3.64,0.4,2465.5,0.2,2465.5,193.3,0.068,0.785,0,0,0
MUM_000133,Worli / Prabhadevi,2024-07-15 12:00:00,12,18.983419,72.814691,5.0,11.13,21.96,51.85,1.18,14.43,2.1,0.4,2219.0,0.2,2219.0,143.9,0.058,0.759,0,0,0
MUM_000134,Worli / Prabhadevi,2024-07-15 12:00:00,12,18.987934,72.814632,4.92,11.16,22.06,52.02,1.05,20.31,3.89,0.4,2066.5,0.2,2066.5,95.0,0.048,0.736,0,0,0
MUM_000135,Worli / Prabhadevi,2024-07-15 12:00:00,12,18.99245,72.814573,4.86,11.2,22.17,52.18,0.96,14.43,3.4,0.4,2025.8,0.2,2025.8,47.8,0.038,0.79,0,0,0
MUM_000136,Worli / Prabhadevi,2024-07-15 12:00:00,12,18.996965,72.814514,4.82,11.24,22.26,52.32,0.88,10.88,2.44,0.4,4728.5,0.2,5299.6,62.9,0.095,0.707,0,0,0
MUM_000137,Worli / Prabhadevi,2024-07-15 12:00:00,12,19.001481,72.814455,4.79,11.29,22.33,52.43,0.82,13.15,3.56,0.4,4239.3,0.2,5622.2,105.4,0.083,0.824,0,0,0
MUM_000138,Worli / Prabhadevi,2024-07-15 12:00:00,12,19.005996,72.814396,4.75,11.31,22.39,52.52,0.77,10.23,1.37,0.4,3742.6,0.2,5949.8,148.6,0.068,0.77,0,0,0
MUM_000139,Worli / Prabhadevi,2024-07-15 12:00:00,12,19.010512,72.814337,4.7,11.31,22.42,52.6,0.71,15.29,2.41,0.4,3243.6,0.2,6279.0,192.0,0.053,0.788,0,0,0
MUM_000140,Worli / Prabhadevi,2024-07-15 12:00:00,12,19.015027,72.814278,4.63,11.26,22.41,52.64,0.66,11.73,1.81,0.4,2744.7,0.2,6607.0,236.7,0.049,0.754,0,0,0
MUM_000141,Worli / Prabhadevi,2024-07-15 12:00:00,12,19.019497,72.814292,4.54,11.18,22.37,52.67,0.6,18.45,2.96,0.4,2253.5,0.2,6908.2,310.7,0.057,0.747,0,0,0
MUM_000142,Worli / Prabhadevi,2024-07-15 12:00:00,12,19.023967,72.814662,4.42,11.08,22.31,52.7,0.54,8.87,2.42,0.4,1759.3,0.57,7202.9,266.4,0.062,0.762,0,0,0
MUM_000143,Worli / Prabhadevi,2024-07-15 12:00:00,12,19.028454,72.815082,4.27,10.94,22.23,52.73,0.46,8.34,1.39,0.4,1277.4,1.37,7481.3,230.8,0.066,0.823,0,0,0
MUM_000144,Worli / Prabhadevi,2024-07-15 12:00:00,12,19.032905,72.815498,4.1,10.76,22.12,52.75,0.38,11.66,3.17,0.4,808.6,2.15,7689.6,204.0,0.066,0.789,0,0,0
MUM_000145,Bandra West,2024-07-15 12:00:00,12,19.037192,72.8159,3.9,10.59,22.01,52.78,0.29,6.7,1.35,0.55,344.1,2.93,7885.2,177.3,0.061,0.877,0,0,0
MUM_000146,Mumbai Central,2024-07-15 12:00:00,12,,,,,,,,17.65,3.95,0.4,120.1,3.3,8080.7,150.6,0.054,0.807,0,0,0
MUM_000147,Mumbai Central,2024-07-15 12:00:00,12,,,,,,,,17.23,1.71,0.4,583.9,2.53,8276.0,123.9,0.046,0.727,0,0,0
MUM_000148,Santacruz / Milan Subway,2024-07-15 12:00:00,12,19.087569,72.815096,2.59,9.98,21.25,52.24,-0.44,3.69,0.7,0.92,1046.8,1.76,8482.1,97.3,0.037,0.94,0,0,0
MUM_000149,Santacruz / Milan Subway,2024-07-15 12:00:00,12,19.091965,72.814628,2.56,9.72,20.8,51.32,-0.53,4.8,1.19,0.92,1507.9,0.99,8710.9,70.7,0.028,0.853,0,0,0
MUM_000150,Santacruz / Milan Subway,2024-07-15 12:00:00,12,19.096429,72.814152,2.53,9.42,20.27,50.23,-0.62,4.18,0.4,0.92,1964.0,0.23,8954.5,44.5,0.022,0.891,0,0,0
MUM_000151,Santacruz / Milan Subway,2024-07-15 12:00:00,12,19.100914,72.813675,2.51,9.11,19.7,49.08,-0.72,3.32,1.03,0.92,7402.1,0.2,13744.6,138.3,0.0,0.866,0,0,0
MUM_000152,Andheri Subway / West,2024-07-15 12:00:00,12,19.105399,72.81321,2.48,8.81,19.16,47.95,-0.81,4.59,0.73,0.92,6969.1,0.2,13287.8,255.0,0.0,0.928,0,0,0
MUM_000153,Andheri Subway / West,2024-07-15 12:00:00,12,19.109853,72.813035,2.46,8.54,18.67,46.92,-0.9,4.42,0.33,0.92,6484.0,0.2,12798.8,463.2,0.0,0.878,0,0,0
MUM_000154,Andheri Subway / West,2024-07-15 12:00:00,12,19.114365,72.812979,2.44,8.31,18.25,46.01,-0.97,4.01,0.75,0.92,5990.5,0.2,12303.5,683.5,0.0,0.877,0,0,0
MUM_000155,Andheri Subway / West,2024-07-15 12:00:00,12,19.118842,72.813087,2.41,8.11,17.91,45.27,-1.03,4.19,0.88,0.92,5498.2,0.2,11808.5,903.9,0.0,0.875,0,0,0
MUM_000156,Andheri Subway / West,2024-07-15 12:00:00,12,19.123355,72.813283,2.39,7.94,17.66,44.7,-1.07,3.19,1.01,0.92,5007.4,0.2,11314.0,1124.2,0.001,0.929,0,0,0
MUM_000157,Andheri Subway / West,2024-07-15 12:00:00,12,19.127866,72.813479,2.36,7.79,17.51,44.29,-1.1,4.96,0.34,0.92,4518.6,0.2,10820.0,1344.6,0.001,0.865,0,0,0
MUM_000158,Andheri Subway / West,2024-07-15 12:00:00,12,19.132375,72.813675,2.33,7.66,17.43,44.0,-1.12,4.22,0.65,0.92,4032.6,0.2,10326.6,1564.9,0.001,0.88,0,0,0
MUM_000159,Andheri Subway / West,2024-07-15 12:00:00,12,19.136878,72.81387,2.29,7.52,17.39,43.78,-1.12,4.71,0.49,0.92,3550.4,0.2,9833.9,1785.3,0.002,0.92,0,0,0
MUM_000160,Goregaon West,2024-07-15 12:00:00,12,19.141374,72.814066,2.25,7.37,17.39,43.58,-1.12,17.94,1.34,0.4,3074.0,0.2,9341.9,2005.6,0.003,0.816,0,0,0
MUM_000161,Goregaon West,2024-07-15 12:00:00,12,19.145853,72.81426,2.2,7.2,17.39,43.35,-1.12,13.18,3.73,0.4,2606.3,0.2,8850.8,2226.0,0.004,0.707,0,0,0
MUM_000162,Goregaon West,2024-07-15 12:00:00,12,19.150282,72.814453,2.14,7.01,17.39,43.08,-1.11,10.94,3.78,0.4,2153.3,0.2,8360.8,2446.3,0.006,0.719,0,0,0
MUM_000163,Mumbai Central,2024-07-15 12:00:00,12,,,,,,,,19.97,1.56,0.4,1726.4,0.62,7872.0,2618.6,0.008,0.705,0,0,0
MUM_000164,Mumbai Central,2024-07-15 12:00:00,12,,,,,,,,15.41,3.79,0.4,1349.7,1.25,7384.7,2444.7,0.012,0.816,0,0,0
MUM_000165,Colaba / Fort,2024-07-15 12:00:00,12,18.911749,72.81942,9.13,13.45,21.3,48.63,5.53,21.75,2.42,0.4,1000.6,1.83,6899.3,2270.8,0.017,0.748,0,0,0
MUM_000166,Colaba / Fort,2024-07-15 12:00:00,12,18.915812,72.820226,9.03,13.38,21.29,48.68,5.44,16.24,2.41,0.4,651.5,2.41,6416.0,2097.0,0.024,0.815,0,0,0
MUM_000167,Colaba / Fort,2024-07-15 12:00:00,12,18.920257,72.820259,8.87,13.27,21.29,48.77,5.28,7.81,3.35,0.4,302.4,3.0,5935.6,1923.1,0.034,0.83,1,0,0
MUM_000168,Colaba / Fort,2024-07-15 12:00:00,12,18.924772,72.820201,8.65,13.11,21.28,48.89,5.06,16.71,2.01,0.4,46.7,3.42,5458.7,1749.3,0.047,0.796,0,0,0
MUM_000169,Colaba / Fort,2024-07-15 12:00:00,12,18.929288,72.820142,8.36,12.91,21.28,49.05,4.78,9.54,2.22,0.4,375.6,2.87,4986.3,1575.4,0.063,0.815,0,0,0
MUM_000170,Marine Lines / Kalbadevi,2024-07-15 12:00:00,12,18.933803,72.820083,8.03,12.69,21.28,49.25,4.45,13.42,3.98,0.4,701.7,2.33,4519.8,1401.5,0.081,0.716,0,0,0
MUM_000171,Marine Lines / Kalbadevi,2024-07-15 12:00:00,12,18.938319,72.820025,7.66,12.44,21.3,49.48,4.08,11.59,3.76,0.4,1027.9,1.79,4061.4,1227.7,0.1,0.796,0,0,0
MUM_000172,Marine Lines / Kalbadevi,2024-07-15 12:00:00,12,18.942835,72.819966,7.28,12.2,21.32,49.73,3.69,8.39,2.8,0.4,1354.0,1.24,3613.9,1053.8,0.115,0.702,0,0,0
MUM_000173,Marine Lines / Kalbadevi,2024-07-15 12:00:00,12,18.94735,72.819907,6.89,11.96,21.35,49.99,3.3,9.88,1.21,0.4,1680.2,0.7,3182.2,928.1,0.124,0.796,0,0,0
MUM_000174,Marine Lines / Kalbadevi,2024-07-15 12:00:00,12,18.951866,72.819849,6.53,11.74,21.4,50.27,2.92,21.46,3.58,0.4,2006.3,0.2,2773.5,828.6,0.122,0.789,0,0,0
MUM_000175,Marine Lines / Kalbadevi,2024-07-15 12:00:00,12,18.956381,72.81979,6.19,11.55,21.46,50.54,2.56,8.29,3.46,0.4,2337.5,0.2,2399.6,729.1,0.112,0.737,0,0,0
MUM_000176,Marine Lines / Kalbadevi,2024-07-15 12:00:00,12,18.960897,72.819731,5.88,11.4,21.53,50.81,2.23,17.78,3.14,0.4,2079.4,0.2,2079.4,629.5,0.095,0.774,0,0,0
MUM_000177,Marine Lines / Kalbadevi,2024-07-15 12:00:00,12,18.965412,72.819673,5.62,11.28,21.62,51.07,1.94,11.31,1.34,0.4,1841.1,0.43,1841.1,530.0,0.076,0.759,0,0,0
MUM_000178,Marine Lines / Kalbadevi,2024-07-15 12:00:00,12,18.969928,72.819614,5.41,11.21,21.72,51.32,1.68,9.93,3.02,0.4,1719.2,0.63,1719.2,430.5,0.058,0.821,0,0,0
MUM_000179,Marine Lines / Kalbadevi,2024-07-15 12:00:00,12,18.974444,72.819555,5.24,11.18,21.83,51.56,1.47,19.14,3.01,0.4,1738.2,0.6,1738.2,330.9,0.043,0.751,0,0,0
MUM_000180,Worli / Prabhadevi,2024-07-15 12:00:00,12,18.978959,72.819496,5.11,11.18,21.94,51.78,1.29,19.01,1.32,0.4,1882.5,0.36,1882.5,242.2,0.032,0.706,0,0,0
MUM_000181,Worli / Prabhadevi,2024-07-15 12:00:00,12,18.983475,72.819438,5.02,11.21,22.07,51.98,1.15,18.39,3.98,0.4,2105.7,0.2,2105.7,189.5,0.024,0.754,0,0,0
MUM_000182,Worli / Prabhadevi,2024-07-15 12:00:00,12,18.98799,72.819379,4.96,11.27,22.2,52.16,1.04,15.18,2.86,0.4,2404.4,0.2,2404.4,140.2,0.029,0.704,0,0,0
MUM_000183,Worli / Prabhadevi,2024-07-15 12:00:00,12,18.992506,72.81932,4.93,11.35,22.32,52.33,0.95,13.77,1.36,0.4,2711.8,0.2,2711.8,91.2,0.042,0.721,0,0,0
MUM_000184,Worli / Prabhadevi,2024-07-15 12:00:00,12,18.997021,72.819261,4.92,11.43,22.44,52.48,0.89,19.71,2.48,0.4,3052.8,0.2,3052.8,35.3,0.06,0.808,0,0,0
MUM_000185,Worli / Prabhadevi,2024-07-15 12:00:00,12,19.001537,72.819202,4.92,11.51,22.54,52.61,0.84,18.83,1.58,0.4,3436.3,0.2,3436.3,90.1,0.079,0.715,0,0,0
MUM_000186,Worli / Prabhadevi,2024-07-15 12:00:00,12,19.006052,72.819143,4.91,11.57,22.62,52.71,0.8,11.36,3.55,0.4,3762.8,0.2,3762.8,133.1,0.098,0.763,0,0,0
MUM_000187,Worli / Prabhadevi,2024-07-15 12:00:00,12,19.010568,72.819085,4.88,11.59,22.66,52.78,0.77,12.41,1.88,0.4,4091.6,0.2,4091.6,176.5,0.116,0.722,0,0,0
MUM_000188,Worli / Prabhadevi,2024-07-15 12:00:00,12,19.015084,72.819026,4.82,11.56,22.66,52.83,0.72,16.5,3.66,0.4,4421.3,0.2,4421.3,219.9,0.126,0.805,0,0,0
MUM_000189,Worli / Prabhadevi,2024-07-15 12:00:00,12,19.019599,72.818967,4.73,11.47,22.62,52.85,0.67,15.03,2.35,0.4,4733.1,0.2,4733.1,279.8,0.129,0.822,0,0,0
MUM_000190,Worli / Prabhadevi,2024-07-15 12:00:00,12,19.024115,72.818908,4.59,11.32,22.52,52.86,0.6,16.85,1.39,0.4,4800.2,0.2,5028.4,366.7,0.124,0.78,0,0,0
MUM_000191,Worli / Prabhadevi,2024-07-15 12:00:00,12,19.02863,72.818849,4.4,11.12,22.39,52.86,0.51,17.0,3.49,0.4,4307.9,0.2,5323.7,454.0,0.11,0.795,0,0,0
MUM_000192,Worli / Prabhadevi,2024-07-15 12:00:00,12,19.033146,72.81879,4.18,10.89,22.24,52.86,0.41,9.3,2.54,0.4,3817.5,0.2,5619.0,541.3,0.091,0.812,0,0,0
MUM_000193,Bandra West,2024-07-15 12:00:00,12,19.037661,72.818731,3.94,10.65,22.09,52.88,0.3,7.83,1.09,0.55,3329.9,0.2,5914.2,628.5,0.072,0.851,0,0,0
MUM_000194,Bandra West,2024-07-15 12:00:00,12,19.042122,72.818766,3.7,10.45,21.96,52.93,0.2,7.26,2.47,0.55,2846.8,0.2,6209.4,715.8,0.07,0.814,0,0,0
MUM_000195,Bandra West,2024-07-15 12:00:00,12,19.046599,72.819152,3.47,10.29,21.87,53.04,0.09,7.46,1.29,0.55,2370.3,0.2,6504.7,803.1,0.084,0.814,0,0,0
MUM_000196,Bandra West,2024-07-15 12:00:00,12,19.051085,72.819572,3.26,10.19,21.84,53.21,0.0,11.17,2.13,0.55,1896.4,0.34,6799.9,763.1,0.094,0.869,0,0,0
MUM_000197,Bandra West,2024-07-15 12:00:00,12,19.05553,72.819988,3.08,10.17,21.87,53.43,-0.07,6.07,2.07,0.55,1422.5,1.13,7063.2,709.6,0.098,0.87,0,0,0
MUM_000198,Bandra West,2024-07-15 12:00:00,12,19.060294,72.820282,2.92,10.22,21.96,53.72,-0.14,9.91,2.39,0.55,948.7,1.92,7283.3,656.0,0.095,0.825,0,0,0
MUM_000199,Bandra West,2024-07-15 12:00:00,12,19.064958,72.81988,2.81,10.31,22.06,53.95,-0.18,10.71,1.41,0.55,474.8,2.71,7503.4,602.5,0.086,0.813,0,0,0
MUM_000200,Bandra West,2024-07-15 12:00:00,12,19.069407,72.819406,2.74,10.41,22.14,54.09,-0.22,13.03,1.53,0.55,1.0,3.5,7723.5,548.9,0.073,0.836,0,0,0
